sample_id,msi_status,tp53_status,mantis_score,sensor_score
TCGA-3L-AA1B-01,MSS,wildtype,0.3057,0.05
TCGA-4N-A93T-01,MSS,mutant,0.3317,0.69
TCGA-4T-AA8H-01,MSS,wildtype,0.3144,0.17
TCGA-5M-AAT4-01,MSS,mutant,0.3232,0.55
TCGA-5M-AAT5-01,MSS,mutant,0.3131,0.35
TCGA-5M-AAT6-01,MSI-H,wildtype,0.66,20.58
TCGA-5M-AATA-01,MSS,mutant,0.3123,0.08
TCGA-5M-AATE-01,MSS,mutant,0.3252,0.47
TCGA-A6-2671-01,MSS,mutant,0.35,0.37
TCGA-A6-2672-01,MSI-H,wildtype,0.9618,31.87
TCGA-A6-2674-01,MSI-H,mutant,0.4577,0.02
TCGA-A6-2675-01,MSS,mutant,0.363,0.05
TCGA-A6-2676-01,MSI-H,wildtype,,17.34
TCGA-A6-2677-01,MSS,wildtype,0.319,0
TCGA-A6-2678-01,MSS,wildtype,0.36,0.64
TCGA-A6-2679-01,MSS,wildtype,0.3403,0.19
TCGA-A6-2680-01,MSS,wildtype,0.3468,
TCGA-A6-2681-01,MSS,mutant,0.3456,0.13
TCGA-A6-2682-01,MSS,wildtype,0.3444,
TCGA-A6-2683-01,MSS,wildtype,0.3644,1.46
TCGA-A6-2684-01,MSI-H,mutant,0.4665,14.49
TCGA-A6-2685-01,MSS,mutant,0.3571,0
TCGA-A6-2686-01,MSI-H,wildtype,1.2375,41.35
TCGA-A6-3807-01,MSI-H,mutant,0.4215,1.24
TCGA-A6-3808-01,MSI-H,wildtype,0.406,0.62
TCGA-A6-3809-01,MSI-H,wildtype,0.9595,36.48
TCGA-A6-3810-01,MSS,mutant,0.3137,1.08
TCGA-A6-4105-01,MSS,mutant,0.3528,0.3
TCGA-A6-4107-01,MSS,wildtype,0.3809,0.01
TCGA-A6-5656-01,MSS,mutant,0.3197,15.42
TCGA-A6-5657-01,MSS,wildtype,0.3201,0.13
TCGA-A6-5659-01,MSI-H,mutant,0.4614,1
TCGA-A6-5660-01,MSS,mutant,0.3322,0.73
TCGA-A6-5661-01,MSI-H,wildtype,,33.38
TCGA-A6-5662-01,MSS,mutant,,1
TCGA-A6-5664-01,MSI-H,wildtype,0.4019,0
TCGA-A6-5665-01,MSI-H,wildtype,1.1824,46.78
TCGA-A6-5666-01,MSS,wildtype,0.3139,1
TCGA-A6-5667-01,MSS,mutant,0.3604,1.11
TCGA-A6-6137-01,MSS,mutant,0.3386,0.08
TCGA-A6-6138-01,MSS,mutant,0.3495,0.22
TCGA-A6-6140-01,MSS,wildtype,0.3659,
TCGA-A6-6141-01,MSS,wildtype,0.3495,0.01
TCGA-A6-6142-01,MSS,mutant,0.3596,0.07
TCGA-A6-6648-01,MSS,wildtype,0.3926,0.52
TCGA-A6-6649-01,MSI-H,mutant,0.4012,0.19
TCGA-A6-6650-01,MSI-H,wildtype,0.466,2.26
TCGA-A6-6651-01,MSS,mutant,0.3785,0.08
TCGA-A6-6652-01,MSS,mutant,0.3866,0.3
TCGA-A6-6653-01,MSI-H,wildtype,1.0708,33.02
TCGA-A6-6654-01,MSS,mutant,0.3351,0.07
TCGA-A6-6780-01,MSI-H,wildtype,1.1071,37.25
TCGA-A6-6781-01,MSI-H,wildtype,0.771,25.58
TCGA-A6-6782-01,MSS,mutant,0.3922,0
TCGA-A6-A565-01,MSS,wildtype,0.3972,0.41
TCGA-A6-A566-01,MSS,wildtype,0.2956,0
TCGA-A6-A567-01,MSS,mutant,0.2929,0.07
TCGA-A6-A56B-01,MSS,mutant,0.3073,0.22
TCGA-A6-A5ZU-01,MSS,wildtype,,2.59
TCGA-AA-3488-01,MSS,wildtype,0.3711,
TCGA-AA-3489-01,MSS,wildtype,0.3996,0
TCGA-AA-3492-01,MSI-H,mutant,1.2602,35.82
TCGA-AA-3494-01,MSS,wildtype,0.3581,
TCGA-AA-3495-01,MSS,wildtype,0.3588,
TCGA-AA-3496-01,MSI-H,wildtype,0.4517,0.4
TCGA-AA-3502-01,MSS,wildtype,0.3387,0.19
TCGA-AA-3506-01,MSS,wildtype,0.3453,0.03
TCGA-AA-3510-01,MSS,wildtype,0.341,0
TCGA-AA-3511-01,MSS,mutant,0.391,0.06
TCGA-AA-3514-01,MSS,wildtype,0.3123,1.1
TCGA-AA-3517-01,MSS,wildtype,0.3204,0.26
TCGA-AA-3518-01,MSS,wildtype,,4.34
TCGA-AA-3519-01,MSS,wildtype,0.3647,0.69
TCGA-AA-3520-01,MSS,wildtype,0.3835,1.72
TCGA-AA-3521-01,MSS,wildtype,0.3496,2.03
TCGA-AA-3522-01,MSS,wildtype,0.3234,0.05
TCGA-AA-3524-01,MSS,wildtype,0.3154,0.1
TCGA-AA-3525-01,MSI-H,wildtype,,11.72
TCGA-AA-3526-01,MSS,wildtype,0.3851,1.33
TCGA-AA-3527-01,MSS,wildtype,0.3161,2.03
TCGA-AA-3529-01,MSI-H,wildtype,0.4301,0.66
TCGA-AA-3530-01,MSS,wildtype,0.3164,0.4
TCGA-AA-3531-01,MSS,wildtype,0.3268,0.86
TCGA-AA-3532-01,MSS,wildtype,0.3244,1.6
TCGA-AA-3534-01,MSS,wildtype,0.3252,0.16
TCGA-AA-3538-01,MSS,wildtype,0.3368,0
TCGA-AA-3542-01,MSS,wildtype,,0
TCGA-AA-3543-01,MSS,wildtype,,4.56
TCGA-AA-3544-01,MSS,wildtype,0.3291,0
TCGA-AA-3548-01,MSS,wildtype,0.3218,0.04
TCGA-AA-3549-01,MSS,wildtype,0.2966,0
TCGA-AA-3552-01,MSS,wildtype,,0.04
TCGA-AA-3553-01,MSS,wildtype,,0
TCGA-AA-3555-01,MSS,wildtype,,0.05
TCGA-AA-3558-01,MSS,wildtype,0.3523,0.11
TCGA-AA-3560-01,MSS,wildtype,0.3648,0.03
TCGA-AA-3561-01,MSS,wildtype,0.3413,0.27
TCGA-AA-3655-01,MSS,mutant,0.3473,0.2
TCGA-AA-3660-01,MSS,mutant,0.3366,0.3
TCGA-AA-3663-01,MSI-H,wildtype,1.2565,41.51
TCGA-AA-3664-01,MSS,wildtype,0.2631,0.79
TCGA-AA-3666-01,MSS,mutant,0.2807,1.17
TCGA-AA-3667-01,MSS,mutant,0.2649,0.71
TCGA-AA-3673-01,MSS,mutant,0.284,0.51
TCGA-AA-3675-01,MSS,wildtype,0.2618,0.31
TCGA-AA-3678-01,MSS,wildtype,0.2741,0.65
TCGA-AA-3679-01,MSS,mutant,0.2575,0.41
TCGA-AA-3680-01,MSS,wildtype,0.2615,0.33
TCGA-AA-3681-01,MSS,mutant,0.263,0.52
TCGA-AA-3684-01,MSS,wildtype,0.2513,0.09
TCGA-AA-3685-01,MSS,mutant,0.2703,0.49
TCGA-AA-3688-01,MSS,mutant,0.3017,1.27
TCGA-AA-3692-01,MSS,wildtype,0.2721,0.31
TCGA-AA-3693-01,MSS,mutant,0.2829,1.09
TCGA-AA-3695-01,MSS,wildtype,0.2817,0.65
TCGA-AA-3696-01,MSS,wildtype,0.2665,0.4
TCGA-AA-3710-01,MSI-H,wildtype,0.8652,31.62
TCGA-AA-3712-01,MSS,mutant,0.3407,0.53
TCGA-AA-3713-01,MSI-H,wildtype,0.8168,26.26
TCGA-AA-3715-01,MSI-H,wildtype,1.092,44.26
TCGA-AA-3811-01,MSI-H,mutant,1.1337,38.84
TCGA-AA-3812-01,MSS,wildtype,0.2659,0.18
TCGA-AA-3814-01,MSS,mutant,0.2754,0.35
TCGA-AA-3818-01,MSS,wildtype,0.268,0.57
TCGA-AA-3819-01,MSS,wildtype,0.261,0.25
TCGA-AA-3821-01,MSI-H,wildtype,0.942,30.92
TCGA-AA-3831-01,MSS,wildtype,0.276,1.61
TCGA-AA-3833-01,MSI-H,wildtype,0.9553,27.18
TCGA-AA-3837-01,MSS,wildtype,0.2784,0.82
TCGA-AA-3841-01,MSS,mutant,0.2896,0.79
TCGA-AA-3842-01,MSS,mutant,0.3246,0.68
TCGA-AA-3844-01,MSS,mutant,0.3264,0.87
TCGA-AA-3845-01,MSI-H,wildtype,0.9169,30.53
TCGA-AA-3846-01,MSS,wildtype,0.3293,0.67
TCGA-AA-3848-01,MSS,mutant,0.2571,0.66
TCGA-AA-3850-01,MSS,wildtype,0.3018,0.07
TCGA-AA-3851-01,MSS,mutant,0.3204,0.43
TCGA-AA-3852-01,MSS,wildtype,0.2731,0.32
TCGA-AA-3854-01,MSS,wildtype,0.2733,0.89
TCGA-AA-3855-01,MSS,wildtype,0.3187,0.11
TCGA-AA-3856-01,MSS,mutant,0.2645,0.3
TCGA-AA-3858-01,MSS,mutant,0.2586,0.37
TCGA-AA-3864-01,MSI-H,wildtype,0.8915,23.86
TCGA-AA-3866-01,MSS,mutant,0.3267,0.43
TCGA-AA-3867-01,MSS,mutant,0.3148,0.42
TCGA-AA-3869-01,MSI-H,wildtype,0.4048,0.67
TCGA-AA-3870-01,MSS,wildtype,0.3807,0.6
TCGA-AA-3872-01,MSS,wildtype,0.3976,1.08
TCGA-AA-3875-01,MSS,mutant,0.2689,0.14
TCGA-AA-3877-01,MSI-H,wildtype,0.8655,32.33
TCGA-AA-3930-01,MSS,wildtype,0.3672,0.43
TCGA-AA-3939-01,MSS,wildtype,0.36,1.02
TCGA-AA-3941-01,MSS,wildtype,0.3682,1.05
TCGA-AA-3947-01,MSI-H,wildtype,1.2515,40
TCGA-AA-3949-01,MSI-H,mutant,0.751,24.11
TCGA-AA-3950-01,MSI-H,wildtype,0.75,25.38
TCGA-AA-3952-01,MSS,wildtype,0.3274,0.43
TCGA-AA-3955-01,MSS,mutant,0.3279,0.16
TCGA-AA-3956-01,MSS,mutant,0.3246,0.16
TCGA-AA-3966-01,MSI-H,mutant,1.296,43.67
TCGA-AA-3968-01,MSS,mutant,0.331,0.22
TCGA-AA-3971-01,MSS,mutant,0.3362,0.49
TCGA-AA-3973-01,MSS,wildtype,0.3291,0.47
TCGA-AA-3975-01,MSS,mutant,0.3404,0.21
TCGA-AA-3976-01,MSS,mutant,0.3308,0.3
TCGA-AA-3977-01,MSS,mutant,0.3545,0.37
TCGA-AA-3979-01,MSS,mutant,0.3186,1.51
TCGA-AA-3980-01,MSS,mutant,0.3103,0.38
TCGA-AA-3982-01,MSS,mutant,0.3356,0.06
TCGA-AA-3984-01,MSS,wildtype,0.3334,0.14
TCGA-AA-3986-01,MSS,wildtype,0.3248,0.09
TCGA-AA-3989-01,MSS,wildtype,0.3311,0.19
TCGA-AA-3994-01,MSS,wildtype,0.2838,0.99
TCGA-AA-A004-01,MSS,mutant,0.2846,0.84
TCGA-AA-A00A-01,MSS,wildtype,,7.51
TCGA-AA-A00D-01,MSS,wildtype,,0
TCGA-AA-A00E-01,MSI-H,wildtype,,14.23
TCGA-AA-A00F-01,MSS,wildtype,,0.07
TCGA-AA-A00J-01,MSI-H,wildtype,,11.59
TCGA-AA-A00K-01,MSS,wildtype,,0.41
TCGA-AA-A00L-01,MSS,wildtype,,0
TCGA-AA-A00N-01,MSS,wildtype,0.3279,32.47
TCGA-AA-A00O-01,MSS,wildtype,0.2697,1.05
TCGA-AA-A00Q-01,MSS,wildtype,,0
TCGA-AA-A00R-01,MSI-H,wildtype,,12.68
TCGA-AA-A00U-01,MSS,wildtype,,0.03
TCGA-AA-A00W-01,MSS,wildtype,,0
TCGA-AA-A00Z-01,MSS,wildtype,0.3206,0
TCGA-AA-A010-01,MSS,mutant,0.3765,4.19
TCGA-AA-A017-01,MSS,mutant,0.28,1.19
TCGA-AA-A01C-01,MSS,mutant,0.2539,0.1
TCGA-AA-A01D-01,MSS,wildtype,0.2695,0.71
TCGA-AA-A01F-01,MSS,wildtype,,0.03
TCGA-AA-A01G-01,MSS,wildtype,,0
TCGA-AA-A01I-01,MSS,wildtype,0.2695,0.87
TCGA-AA-A01K-01,MSS,wildtype,0.2795,1.3
TCGA-AA-A01P-01,MSI-H,wildtype,0.6789,20.7
TCGA-AA-A01Q-01,MSS,wildtype,,5.43
TCGA-AA-A01R-01,MSI-H,wildtype,0.7418,22.57
TCGA-AA-A01S-01,MSS,mutant,0.325,0.6
TCGA-AA-A01T-01,MSS,mutant,0.3369,1.26
TCGA-AA-A01V-01,MSS,wildtype,0.3163,0.31
TCGA-AA-A01X-01,MSS,wildtype,0.3184,0.38
TCGA-AA-A01Z-01,MSS,mutant,0.3259,0.42
TCGA-AA-A022-01,MSI-H,wildtype,1.1662,43
TCGA-AA-A024-01,MSS,wildtype,0.2567,0.75
TCGA-AA-A029-01,MSS,wildtype,0.2837,2.01
TCGA-AA-A02E-01,MSS,mutant,0.2544,1.66
TCGA-AA-A02F-01,MSS,mutant,0.2783,1.83
TCGA-AA-A02H-01,MSS,mutant,0.2874,2.03
TCGA-AA-A02J-01,MSS,wildtype,0.2836,0.54
TCGA-AA-A02O-01,MSS,wildtype,0.3293,0.48
TCGA-AA-A02R-01,MSI-H,wildtype,1.2923,32.62
TCGA-AA-A02W-01,MSS,mutant,0.2652,0.77
TCGA-AA-A02Y-01,MSS,wildtype,0.3389,0.38
TCGA-AA-A03F-01,MSS,wildtype,0.3075,0.22
TCGA-AA-A03J-01,MSS,mutant,0.3238,0.22
TCGA-AD-5900-01,MSI-H,wildtype,0.9101,36.46
TCGA-AD-6548-01,MSI-H,mutant,0.4334,0.02
TCGA-AD-6888-01,MSS,mutant,0.3466,0.13
TCGA-AD-6889-01,MSI-H,wildtype,1.3414,40.44
TCGA-AD-6890-01,MSS,wildtype,0.3483,0.03
TCGA-AD-6895-01,MSI-H,wildtype,0.8416,23.11
TCGA-AD-6899-01,MSS,mutant,0.355,0.07
TCGA-AD-6901-01,MSS,mutant,0.3533,0.18
TCGA-AD-6963-01,MSS,mutant,0.3442,0.02
TCGA-AD-6964-01,MSI-H,wildtype,0.7365,18.65
TCGA-AD-6965-01,MSS,mutant,0.3643,0.33
TCGA-AD-A5EJ-01,MSI-H,mutant,1.0934,22.4
TCGA-AD-A5EK-01,MSS,mutant,0.2808,0.32
TCGA-AF-2687-01,MSS,mutant,0.3529,0.08
TCGA-AF-2689-01,MSS,wildtype,0.3486,1.28
TCGA-AF-2690-01,MSS,mutant,0.3412,0.03
TCGA-AF-2691-01,MSS,wildtype,0.3267,1.16
TCGA-AF-2692-01,MSS,wildtype,0.3259,1.32
TCGA-AF-2693-01,MSS,mutant,0.339,0.02
TCGA-AF-3400-01,MSS,wildtype,0.3156,0.93
TCGA-AF-3911-01,MSS,mutant,0.3559,0.15
TCGA-AF-4110-01,MSS,mutant,0.3522,0.06
TCGA-AF-5654-01,MSS,wildtype,0.3231,0.19
TCGA-AF-6136-01,MSS,mutant,0.3329,0.16
TCGA-AF-6655-01,MSS,mutant,0.3465,0.16
TCGA-AF-6672-01,MSS,mutant,0.3345,0.02
TCGA-AF-A56K-01,MSS,mutant,0.3197,0.29
TCGA-AF-A56L-01,MSS,mutant,0.3287,0.22
TCGA-AF-A56N-01,MSS,mutant,0.3275,0.54
TCGA-AG-3574-01,MSS,wildtype,0.3356,0
TCGA-AG-3575-01,MSS,wildtype,0.3841,0
TCGA-AG-3578-01,MSS,wildtype,,0
TCGA-AG-3580-01,MSS,wildtype,0.3094,0.04
TCGA-AG-3581-01,MSS,wildtype,0.3144,0
TCGA-AG-3582-01,MSS,wildtype,,0.04
TCGA-AG-3583-01,MSS,wildtype,0.3724,0.12
TCGA-AG-3584-01,MSS,wildtype,0.3271,0.35
TCGA-AG-3586-01,MSS,wildtype,,0.15
TCGA-AG-3587-01,MSS,wildtype,,0.23
TCGA-AG-3591-01,MSS,mutant,0.3455,0.09
TCGA-AG-3592-01,MSS,mutant,0.3478,0.37
TCGA-AG-3593-01,MSS,wildtype,,0
TCGA-AG-3594-01,MSS,wildtype,0.3367,0.05
TCGA-AG-3598-01,MSS,wildtype,0.3443,0
TCGA-AG-3599-01,MSS,wildtype,0.3477,0.39
TCGA-AG-3600-01,MSS,wildtype,,0.1
TCGA-AG-3601-01,MSS,wildtype,,1.17
TCGA-AG-3602-01,MSS,wildtype,0.341,0
TCGA-AG-3605-01,MSS,wildtype,0.33,0.24
TCGA-AG-3608-01,MSS,wildtype,,0.3
TCGA-AG-3609-01,MSS,wildtype,,0.03
TCGA-AG-3725-01,MSS,mutant,0.3507,1.05
TCGA-AG-3726-01,MSS,mutant,0.293,0.97
TCGA-AG-3727-01,MSS,wildtype,0.2939,1.55
TCGA-AG-3728-01,MSS,wildtype,0.3413,0.43
TCGA-AG-3731-01,MSS,mutant,0.3516,0.01
TCGA-AG-3732-01,MSS,mutant,0.3066,0.34
TCGA-AG-3742-01,MSS,mutant,0.3199,0.24
TCGA-AG-3878-01,MSS,wildtype,0.2791,0.06
TCGA-AG-3881-01,MSS,wildtype,0.2842,0.79
TCGA-AG-3882-01,MSS,mutant,0.2963,0.5
TCGA-AG-3883-01,MSS,mutant,0.2889,0.29
TCGA-AG-3885-01,MSS,mutant,0.3285,0.66
TCGA-AG-3887-01,MSS,wildtype,0.2587,0.34
TCGA-AG-3890-01,MSS,mutant,0.2774,0.59
TCGA-AG-3892-01,MSI-H,wildtype,0.5876,0.08
TCGA-AG-3893-01,MSS,mutant,0.2849,0.56
TCGA-AG-3894-01,MSS,wildtype,0.2675,0.09
TCGA-AG-3896-01,MSS,mutant,0.2715,0.68
TCGA-AG-3898-01,MSS,mutant,0.2685,0.24
TCGA-AG-3901-01,MSS,wildtype,0.2547,0.03
TCGA-AG-3902-01,MSS,mutant,0.2705,0.24
TCGA-AG-3909-01,MSS,mutant,0.2612,0.72
TCGA-AG-3999-01,MSS,wildtype,0.3504,8.8
TCGA-AG-4001-01,MSS,mutant,0.2809,5.69
TCGA-AG-4005-01,MSS,wildtype,0.3323,7.84
TCGA-AG-4007-01,MSS,wildtype,0.3394,6.54
TCGA-AG-4008-01,MSS,mutant,0.2652,0.37
TCGA-AG-4015-01,MSS,mutant,0.2981,0.7
TCGA-AG-4021-01,MSS,mutant,0.346,0.21
TCGA-AG-4022-01,MSS,mutant,0.3436,0.25
TCGA-AG-A002-01,MSS,wildtype,0.3178,0.46
TCGA-AG-A008-01,MSI-H,wildtype,0.6176,27.36
TCGA-AG-A00C-01,MSI-H,mutant,0.5582,0.91
TCGA-AG-A00Y-01,MSS,mutant,0.2637,0.85
TCGA-AG-A011-01,MSS,mutant,0.2669,0
TCGA-AG-A015-01,MSI-H,wildtype,0.5815,14.94
TCGA-AG-A016-01,MSS,mutant,0.282,28.84
TCGA-AG-A01J-01,MSS,mutant,0.2531,0.36
TCGA-AG-A01L-01,MSS,mutant,0.2594,0.09
TCGA-AG-A01N-01,MSS,mutant,0.2832,0.75
TCGA-AG-A01W-01,MSS,mutant,0.2895,0.37
TCGA-AG-A01Y-01,MSS,mutant,0.3053,0.97
TCGA-AG-A020-01,MSS,mutant,0.3111,0.39
TCGA-AG-A025-01,MSS,wildtype,0.2593,0.66
TCGA-AG-A026-01,MSS,mutant,0.3214,1.92
TCGA-AG-A02G-01,MSS,wildtype,0.2752,1.51
TCGA-AG-A02N-01,MSI-H,mutant,1.2673,39.69
TCGA-AG-A02X-01,MSS,mutant,0.2853,1.74
TCGA-AG-A032-01,MSS,mutant,0.2539,0.57
TCGA-AH-6544-01,MSS,mutant,0.3308,0.07
TCGA-AH-6547-01,MSS,wildtype,0.3524,0
TCGA-AH-6643-01,MSS,mutant,0.3494,0.57
TCGA-AH-6644-01,MSS,wildtype,0.3448,0.17
TCGA-AH-6897-01,MSS,mutant,0.344,0.22
TCGA-AH-6903-01,MSS,wildtype,0.3374,0.01
TCGA-AM-5820-01,MSS,wildtype,0.3465,1.64
TCGA-AM-5821-01,MSI-H,mutant,0.8795,30.25
TCGA-AU-3779-01,MSS,mutant,0.3365,0.29
TCGA-AU-6004-01,MSI-H,wildtype,0.8424,27.82
TCGA-AY-4070-01,MSS,mutant,0.2687,0.78
TCGA-AY-4071-01,MSS,mutant,0.2716,1.3
TCGA-AY-5543-01,MSS,mutant,0.3374,0.61
TCGA-AY-6196-01,MSS,mutant,0.3602,0.23
TCGA-AY-6197-01,MSI-H,mutant,0.965,31.61
TCGA-AY-6386-01,MSS,wildtype,0.327,0.27
TCGA-AY-A54L-01,MSS,mutant,0.2932,0.39
TCGA-AY-A69D-01,MSS,wildtype,0.3161,0.21
TCGA-AY-A71X-01,MSS,wildtype,0.3062,0.22
TCGA-AY-A8YK-01,MSS,mutant,0.3268,0.32
TCGA-AZ-4308-01,MSS,mutant,0.363,0.11
TCGA-AZ-4313-01,MSI-H,wildtype,0.7225,
TCGA-AZ-4315-01,MSS,wildtype,0.3429,0.67
TCGA-AZ-4323-01,MSI-H,mutant,0.426,0.05
TCGA-AZ-4614-01,MSS,mutant,0.3773,0.94
TCGA-AZ-4615-01,MSI-H,wildtype,1.0327,33.79
TCGA-AZ-4616-01,MSS,mutant,0.3171,0.79
TCGA-AZ-4681-01,MSS,mutant,0.3537,0.02
TCGA-AZ-4682-01,MSS,wildtype,0.367,0.13
TCGA-AZ-4684-01,MSS,wildtype,0.3572,
TCGA-AZ-5403-01,MSS,mutant,0.3101,0.27
TCGA-AZ-5407-01,MSS,mutant,0.3611,0.46
TCGA-AZ-6598-01,MSI-H,mutant,1.3777,43.27
TCGA-AZ-6599-01,MSS,wildtype,0.3766,0.14
TCGA-AZ-6600-01,MSS,mutant,0.3613,0.46
TCGA-AZ-6603-01,MSS,mutant,0.3686,0.35
TCGA-AZ-6605-01,MSS,mutant,0.3467,0.02
TCGA-AZ-6606-01,MSS,mutant,0.3623,0.2
TCGA-AZ-6607-01,MSS,mutant,0.354,0
TCGA-CA-5254-01,MSS,wildtype,0.3896,0.53
TCGA-CA-5255-01,MSS,wildtype,0.3805,0.07
TCGA-CA-5256-01,MSS,wildtype,0.3522,0.07
TCGA-CA-5796-01,MSS,wildtype,0.3604,0.15
TCGA-CA-5797-01,MSS,mutant,0.3554,0.61
TCGA-CA-6715-01,MSS,mutant,0.3669,0.11
TCGA-CA-6716-01,MSS,wildtype,0.3773,0.56
TCGA-CA-6717-01,MSS,wildtype,0.3653,0.01
TCGA-CA-6718-01,MSS,mutant,0.3722,0
TCGA-CA-6719-01,MSS,mutant,0.3645,0.24
TCGA-CI-6619-01,MSS,mutant,0.3407,0.03
TCGA-CI-6620-01,MSS,mutant,0.3445,0.07
TCGA-CI-6621-01,MSS,mutant,0.3389,0.03
TCGA-CI-6622-01,MSS,wildtype,0.3223,0
TCGA-CI-6623-01,MSS,mutant,0.3617,0.1
TCGA-CI-6624-01,MSS,mutant,0.3402,0.02
TCGA-CK-4947-01,MSS,wildtype,0.3269,0.07
TCGA-CK-4948-01,MSS,mutant,0.3486,0.22
TCGA-CK-4950-01,MSS,wildtype,0.3697,0.31
TCGA-CK-4951-01,MSI-H,mutant,0.7849,21.62
TCGA-CK-4952-01,MSS,wildtype,0.3926,0.29
TCGA-CK-5912-01,MSS,wildtype,0.3783,1.79
TCGA-CK-5913-01,MSI-H,wildtype,0.9213,32.98
TCGA-CK-5914-01,MSS,mutant,0.3446,1.56
TCGA-CK-5915-01,MSS,wildtype,0.3162,0.29
TCGA-CK-5916-01,MSI-H,mutant,0.9208,35.2
TCGA-CK-6746-01,MSI-H,wildtype,1.1685,36.05
TCGA-CK-6747-01,MSS,mutant,0.3727,0.64
TCGA-CK-6748-01,MSS,wildtype,0.3564,0.22
TCGA-CK-6751-01,MSS,wildtype,0.3583,0.05
TCGA-CL-4957-01,MSS,mutant,0.3362,0.05
TCGA-CL-5917-01,MSS,mutant,0.359,1.58
TCGA-CL-5918-01,MSS,mutant,0.3446,0.61
TCGA-CM-4743-01,MSI-H,wildtype,0.8182,23.82
TCGA-CM-4744-01,MSS,wildtype,0.3613,0.03
TCGA-CM-4746-01,MSI-H,mutant,0.8512,21.49
TCGA-CM-4747-01,MSS,wildtype,0.3787,0.01
TCGA-CM-4748-01,MSS,wildtype,0.365,0.04
TCGA-CM-4750-01,MSS,mutant,0.3583,0.18
TCGA-CM-4751-01,MSS,mutant,0.3606,0
TCGA-CM-4752-01,MSS,mutant,0.3498,0.02
TCGA-CM-5341-01,MSS,mutant,0.3524,0
TCGA-CM-5344-01,MSS,wildtype,0.3396,0.47
TCGA-CM-5348-01,MSS,mutant,0.3321,0.56
TCGA-CM-5349-01,MSS,wildtype,0.3249,0
TCGA-CM-5860-01,MSS,mutant,0.3393,0.54
TCGA-CM-5861-01,MSI-H,wildtype,0.9692,34.37
TCGA-CM-5862-01,MSS,mutant,0.3545,1.45
TCGA-CM-5863-01,MSS,mutant,0.3973,0
TCGA-CM-5864-01,MSS,mutant,0.3329,0.53
TCGA-CM-5868-01,MSS,mutant,0.3403,0.89
TCGA-CM-6161-01,MSS,wildtype,0.3145,0.25
TCGA-CM-6162-01,MSI-H,wildtype,0.8773,29.11
TCGA-CM-6163-01,MSS,mutant,0.3345,0.07
TCGA-CM-6164-01,MSS,mutant,0.3277,0.05
TCGA-CM-6165-01,MSS,mutant,0.3145,0.1
TCGA-CM-6166-01,MSS,mutant,0.3171,0.33
TCGA-CM-6167-01,MSS,mutant,0.3157,0.06
TCGA-CM-6168-01,MSI-H,wildtype,0.4083,1.02
TCGA-CM-6169-01,MSS,mutant,0.3404,0.78
TCGA-CM-6170-01,MSS,wildtype,0.3219,0.21
TCGA-CM-6171-01,MSI-H,wildtype,1.1813,43
TCGA-CM-6172-01,MSS,mutant,0.3388,0.16
TCGA-CM-6674-01,MSI-H,wildtype,0.7398,21.08
TCGA-CM-6675-01,MSS,mutant,0.357,0.38
TCGA-CM-6676-01,MSS,mutant,0.353,0.05
TCGA-CM-6677-01,MSS,mutant,0.3529,0.48
TCGA-CM-6678-01,MSS,wildtype,0.349,0.13
TCGA-CM-6679-01,MSS,mutant,0.3381,0.16
TCGA-CM-6680-01,MSI-H,wildtype,0.4575,1.17
TCGA-D5-5537-01,MSS,wildtype,0.3494,0.42
TCGA-D5-5538-01,MSS,mutant,0.3546,0.4
TCGA-D5-5539-01,MSS,wildtype,0.3573,0.38
TCGA-D5-5540-01,MSS,mutant,0.3281,0.88
TCGA-D5-5541-01,MSS,mutant,0.328,0.51
TCGA-D5-6529-01,MSS,wildtype,0.3658,0.18
TCGA-D5-6530-01,MSI-H,wildtype,1.0856,41.17
TCGA-D5-6531-01,MSS,mutant,0.347,0.81
TCGA-D5-6532-01,MSS,mutant,0.3466,0.62
TCGA-D5-6533-01,MSS,mutant,0.3337,0.52
TCGA-D5-6534-01,MSS,mutant,0.3343,0.04
TCGA-D5-6535-01,MSS,mutant,0.343,0.28
TCGA-D5-6536-01,MSS,wildtype,0.3522,0.23
TCGA-D5-6537-01,MSS,wildtype,0.3503,0.37
TCGA-D5-6538-01,MSS,mutant,0.3432,0.75
TCGA-D5-6539-01,MSS,mutant,0.3265,0
TCGA-D5-6540-01,MSI-H,mutant,0.9984,32.59
TCGA-D5-6541-01,MSS,mutant,0.3319,0.11
TCGA-D5-6898-01,MSS,mutant,0.3407,0.17
TCGA-D5-6920-01,MSS,wildtype,0.3434,0.01
TCGA-D5-6922-01,MSS,mutant,0.3579,0.07
TCGA-D5-6923-01,MSS,wildtype,0.3476,0.2
TCGA-D5-6924-01,MSS,mutant,0.3409,0.06
TCGA-D5-6926-01,MSS,mutant,0.3496,0.18
TCGA-D5-6927-01,MSI-H,wildtype,0.7283,17.61
TCGA-D5-6928-01,MSI-H,wildtype,0.6559,14.76
TCGA-D5-6929-01,MSS,mutant,0.3524,0.09
TCGA-D5-6930-01,MSI-H,wildtype,0.6864,15.2
TCGA-D5-6931-01,MSS,mutant,0.3574,0.12
TCGA-D5-6932-01,MSS,mutant,0.3444,0.19
TCGA-D5-7000-01,MSS,wildtype,0.3496,0.06
TCGA-DC-4745-01,MSS,mutant,0.3391,0.66
TCGA-DC-4749-01,MSS,mutant,0.3406,0.31
TCGA-DC-5337-01,MSS,wildtype,0.3191,0.15
TCGA-DC-5869-01,MSS,mutant,0.3785,0.42
TCGA-DC-6154-01,MSS,mutant,0.331,1.57
TCGA-DC-6155-01,MSS,mutant,0.3493,0.16
TCGA-DC-6156-01,UNKNOWN,wildtype,,
TCGA-DC-6157-01,MSS,mutant,0.331,0.33
TCGA-DC-6158-01,MSS,mutant,0.339,0.34
TCGA-DC-6160-01,MSS,mutant,0.321,0.17
TCGA-DC-6681-01,MSS,wildtype,0.3433,0
TCGA-DC-6682-01,MSS,mutant,0.3334,0.09
TCGA-DC-6683-01,MSS,mutant,0.3459,0.19
TCGA-DM-A0X9-01,MSS,wildtype,0.3503,0.2
TCGA-DM-A0XD-01,MSS,mutant,0.3301,0.15
TCGA-DM-A0XF-01,MSS,mutant,0.3334,0.1
TCGA-DM-A1D0-01,MSS,mutant,0.3358,0.67
TCGA-DM-A1D4-01,MSS,mutant,0.3544,0.35
TCGA-DM-A1D6-01,MSS,mutant,0.3534,0.53
TCGA-DM-A1D7-01,MSS,mutant,0.3316,0.01
TCGA-DM-A1D8-01,MSS,mutant,0.3468,0.47
TCGA-DM-A1D9-01,MSS,mutant,0.335,0.33
TCGA-DM-A1DA-01,MSS,mutant,0.3952,2.42
TCGA-DM-A1DB-01,MSS,mutant,0.3441,0.25
TCGA-DM-A1HA-01,MSS,mutant,0.3507,1.46
TCGA-DM-A1HB-01,MSI-H,wildtype,1.0166,27.61
TCGA-DM-A280-01,MSS,wildtype,0.3888,0.01
TCGA-DM-A282-01,MSS,wildtype,0.3739,0.03
TCGA-DM-A285-01,MSS,mutant,0.3761,0.13
TCGA-DM-A288-01,MSS,mutant,0.3948,0.31
TCGA-DM-A28A-01,MSS,mutant,0.3995,0.25
TCGA-DM-A28C-01,MSS,wildtype,0.3712,0.08
TCGA-DM-A28E-01,MSS,mutant,0.379,0.04
TCGA-DM-A28F-01,MSS,mutant,0.3791,0.24
TCGA-DM-A28G-01,MSS,wildtype,0.3656,0.01
TCGA-DM-A28H-01,MSS,mutant,0.3898,0.15
TCGA-DM-A28K-01,MSS,wildtype,0.397,0.05
TCGA-DM-A28M-01,MSS,wildtype,0.3983,0.13
TCGA-DT-5265-01,MSS,mutant,0.3389,0.13
TCGA-DY-A0XA-01,MSS,mutant,0.3458,0.29
TCGA-DY-A1DC-01,MSS,mutant,0.3327,0.18
TCGA-DY-A1DD-01,MSS,mutant,0.3611,1
TCGA-DY-A1DE-01,UNKNOWN,wildtype,,
TCGA-DY-A1DF-01,MSS,mutant,0.3545,0.72
TCGA-DY-A1DG-01,MSS,mutant,0.363,0.8
TCGA-DY-A1H8-01,MSS,wildtype,0.3551,0.39
TCGA-EF-5830-01,MSS,mutant,0.3447,0.63
TCGA-EF-5831-01,MSS,wildtype,,0.5
TCGA-EI-6506-01,MSS,mutant,0.3332,0.05
TCGA-EI-6507-01,MSI-H,mutant,0.6711,15.99
TCGA-EI-6508-01,MSS,mutant,0.3488,0.24
TCGA-EI-6509-01,MSS,mutant,0.3555,0.5
TCGA-EI-6510-01,MSS,mutant,0.3574,0.05
TCGA-EI-6511-01,MSS,mutant,0.3537,0.15
TCGA-EI-6512-01,MSS,mutant,0.3602,0.71
TCGA-EI-6513-01,MSS,wildtype,0.3553,0.48
TCGA-EI-6514-01,MSS,mutant,0.3382,0.38
TCGA-EI-6881-01,MSS,mutant,0.3444,0.21
TCGA-EI-6882-01,MSI-H,mutant,0.9044,25.05
TCGA-EI-6883-01,MSS,mutant,0.3433,0.27
TCGA-EI-6884-01,MSS,mutant,0.3424,0
TCGA-EI-6885-01,MSS,mutant,0.3401,0.11
TCGA-EI-6917-01,MSS,mutant,0.3457,0.03
TCGA-EI-7002-01,MSS,mutant,0.3622,0.54
TCGA-EI-7004-01,MSS,wildtype,0.345,0.06
TCGA-F4-6459-01,MSS,mutant,0.3642,0.31
TCGA-F4-6460-01,MSS,mutant,0.3437,0.24
TCGA-F4-6461-01,MSS,wildtype,0.3699,0.23
TCGA-F4-6463-01,MSS,wildtype,0.3302,0.14
TCGA-F4-6569-01,MSS,wildtype,0.3647,0.06
TCGA-F4-6570-01,MSI-H,wildtype,0.9787,31.81
TCGA-F4-6703-01,MSI-H,wildtype,0.4396,1
TCGA-F4-6704-01,MSS,wildtype,0.3596,0.06
TCGA-F4-6805-01,MSS,mutant,0.3882,0.03
TCGA-F4-6806-01,MSS,wildtype,0.3957,0.1
TCGA-F4-6807-01,MSS,mutant,0.3514,0
TCGA-F4-6808-01,MSS,mutant,0.3566,0.12
TCGA-F4-6809-01,MSS,mutant,0.3476,0.02
TCGA-F4-6854-01,MSS,mutant,0.3387,0.1
TCGA-F4-6855-01,MSS,wildtype,0.3419,0.03
TCGA-F4-6856-01,MSI-H,mutant,0.8729,27.56
TCGA-F5-6464-01,MSS,mutant,0.3424,0.04
TCGA-F5-6465-01,MSS,mutant,0.3415,0
TCGA-F5-6571-01,MSS,mutant,0.3388,0.35
TCGA-F5-6702-01,MSS,mutant,0.328,0.02
TCGA-F5-6810-01,MSS,mutant,0.3292,0.13
TCGA-F5-6811-01,MSS,mutant,0.3549,0.35
TCGA-F5-6812-01,MSS,mutant,0.3556,0.01
TCGA-F5-6813-01,MSS,mutant,0.3558,0.45
TCGA-F5-6814-01,MSS,mutant,0.3409,0.34
TCGA-F5-6861-01,MSS,wildtype,0.3338,0
TCGA-F5-6863-01,MSS,mutant,0.3566,0.08
TCGA-F5-6864-01,MSS,mutant,0.3486,0.19
TCGA-G4-6293-01,MSS,wildtype,0.3277,0.28
TCGA-G4-6294-01,MSS,mutant,0.3774,1.01
TCGA-G4-6295-01,MSS,mutant,0.3241,0.24
TCGA-G4-6297-01,MSS,mutant,0.3325,0.14
TCGA-G4-6298-01,MSS,mutant,0.3334,0.31
TCGA-G4-6299-01,MSS,mutant,0.3963,0.88
TCGA-G4-6302-01,MSI-H,mutant,0.4592,3.04
TCGA-G4-6303-01,MSS,mutant,0.359,0.5
TCGA-G4-6304-01,MSI-H,wildtype,0.5676,7.18
TCGA-G4-6306-01,MSS,mutant,0.3415,0.25
TCGA-G4-6307-01,MSS,mutant,0.316,0.41
TCGA-G4-6309-01,MSI-H,wildtype,0.9341,26.62
TCGA-G4-6311-01,MSS,mutant,0.3185,0.19
TCGA-G4-6315-01,MSS,mutant,0.3321,0.25
TCGA-G4-6317-01,MSS,mutant,0.3455,0.89
TCGA-G4-6320-01,MSI-H,mutant,0.5674,14.97
TCGA-G4-6321-01,MSS,wildtype,0.3258,0.18
TCGA-G4-6322-01,MSS,wildtype,0.3214,0.14
TCGA-G4-6323-01,MSS,wildtype,0.3512,0.42
TCGA-G4-6586-01,MSI-H,mutant,1.0607,33.57
TCGA-G4-6588-01,MSI-H,wildtype,1.0066,34.69
TCGA-G4-6626-01,MSS,mutant,0.349,0.39
TCGA-G4-6627-01,MSS,wildtype,0.3582,0.02
TCGA-G4-6628-01,MSI-H,wildtype,0.7863,19.28
TCGA-G5-6641-01,MSS,wildtype,0.3305,0.02
TCGA-NH-A50T-01,MSS,wildtype,0.2912,0.31
TCGA-NH-A50U-01,MSS,mutant,0.3425,0.5
TCGA-NH-A50V-01,MSS,mutant,0.2879,0.32
TCGA-NH-A5IV-01,MSI-H,wildtype,1.2012,41.02
TCGA-NH-A6GA-01,MSS,mutant,0.3295,1.07
TCGA-NH-A6GB-01,MSS,mutant,0.3185,0.31
TCGA-NH-A6GC-01,MSS,mutant,0.3241,0.73
TCGA-NH-A8F7-01,MSS,mutant,0.3241,0.36
TCGA-NH-A8F8-01,MSS,mutant,0.3144,0.23
TCGA-QG-A5YV-01,MSS,mutant,0.2586,0
TCGA-QG-A5YW-01,MSS,mutant,0.2723,0.47
TCGA-QG-A5YX-01,MSS,mutant,0.304,0.18
TCGA-QG-A5Z1-01,MSS,mutant,0.2924,0.03
TCGA-QG-A5Z2-01,MSI-H,wildtype,0.86,19.29
TCGA-QL-A97D-01,MSS,mutant,0.3204,0.56
TCGA-RU-A8FL-01,MSS,mutant,0.3417,0.47
TCGA-SS-A7HO-01,MSS,mutant,0.3318,1.19
TCGA-T9-A92H-01,MSS,mutant,0.317,0.4
TCGA-WS-AB45-01,MSI-H,mutant,0.6782,24.48
